benchmark,config,mean_us,median_us,std_dev_us,iqr_us,ci_lower_us,ci_upper_us,compile_time_ms,binary_size_bytes,speedup_vs_baseline,mann_whitney_p
nrev,numlang_base,14027.56,13999.95,553.47,866.77,13833.7,14221.66,1981.92,5120,1.0,1.0
nrev,numlang_super,381185.36,374174.45,22731.47,13047.55,373834.61,389821.34,3892.71,4096,0.037,3.019859359162157e-11
nrev,rust_opt,14766.74,14728.35,857.71,892.57,14493.6,15091.92,199.7,133120,0.95,0.00022539027899025688
nrev,c_opt,14307.8,14274.2,514.46,629.57,14136.51,14497.57,1871.14,141312,0.98,0.08771037748098136
append3,numlang_base,15672.27,14492.25,2966.1,3158.85,14730.78,16805.77,2896.33,5632,1.0,1.0
append3,numlang_super,375788.43,372100.7,9178.56,7082.65,372851.86,379303.07,5555.48,4096,0.042,3.019859359162157e-11
append3,rust_opt,14360.45,14264.1,549.38,953.4,14164.0,14554.62,196.99,133632,1.091,0.2518808246619123
append3,c_opt,289660.48,287526.15,10315.24,8155.0,286343.95,293526.63,1854.17,141312,0.054,3.019859359162157e-11
stream_fusion,numlang_base,13667.82,13547.6,933.32,967.02,13360.2,14011.14,171.3,3584,1.0,1.0
stream_fusion,numlang_super,13278.27,13242.9,473.27,534.3,13112.46,13452.46,229.34,3584,1.029,0.10546994652177778
stream_fusion,rust_opt,14145.56,13956.35,651.87,917.4,13925.94,14388.19,188.68,131584,0.966,0.005828168439115262
stream_fusion,c_opt,13583.92,13529.1,607.54,651.83,13378.03,13803.36,1877.62,140288,1.006,0.9587314908134437
ackermann,numlang_base,14091.78,13733.05,1198.69,1804.5,13687.02,14517.81,2956.81,3584,1.0,1.0
ackermann,numlang_super,15230.02,15199.1,454.74,417.7,15074.94,15394.4,5640.05,3584,0.925,8.146484074606887e-05
ackermann,rust_opt,13942.42,13910.9,479.41,568.3,13776.72,14118.82,183.48,131584,1.011,0.9823070530800847
ackermann,c_opt,15378.78,14067.1,2945.75,3638.6,14406.61,16464.13,1830.69,140288,0.916,0.20094889697592833
fib_matrix,numlang_base,13755.55,13431.15,1454.64,801.87,13367.58,14345.89,145.36,4096,1.0,1.0
fib_matrix,numlang_super,13596.95,13535.75,795.5,701.23,13331.48,13883.96,170.11,3584,1.012,0.9705160513002812
fib_matrix,rust_opt,14562.1,14624.9,732.17,794.83,14304.74,14815.5,184.72,131584,0.945,4.420496863208284e-06
fib_matrix,c_opt,14265.34,13888.65,965.06,1121.9,13940.74,14623.87,1861.34,140288,0.964,0.0026242800643638355
sieve,numlang_base,13991.6,13735.75,1035.9,1087.87,13652.78,14367.96,254.24,4096,1.0,1.0
sieve,numlang_super,14771.46,14257.3,1486.03,2190.25,14281.36,15317.14,411.79,3584,0.947,0.027086318388295935
sieve,rust_opt,14505.77,14467.5,665.8,678.43,14286.6,14750.02,196.23,131584,0.965,0.0020523338723804135
sieve,c_opt,14204.49,14142.05,770.22,711.33,13963.75,14509.28,1872.35,140288,0.985,0.045146208380795055
matvec_4x4,numlang_base,13705.94,13667.6,582.94,686.75,13496.56,13908.88,118.9,4096,1.0,1.0
matvec_4x4,numlang_super,13430.28,13426.8,571.28,766.15,13234.18,13634.19,118.69,4096,1.021,0.061451911011256986
matvec_4x4,rust_opt,14768.37,14430.9,1288.48,1332.52,14334.42,15254.68,193.52,131584,0.928,0.00025305784556082746
matvec_4x4,c_opt,13662.32,13665.9,565.16,599.17,13475.8,13869.94,1871.01,140288,1.003,0.45529064384183693
raytracer_sphere,numlang_base,13506.19,13325.05,667.79,752.05,13275.36,13754.86,150.59,3584,1.0,1.0
raytracer_sphere,numlang_super,13915.93,13625.8,945.8,934.98,13607.49,14273.75,179.64,3584,0.971,0.0772719759293395
raytracer_sphere,rust_opt,14293.64,14187.9,651.24,1006.12,14065.22,14525.69,182.04,131584,0.945,2.4327116616469627e-05
raytracer_sphere,c_opt,14092.47,13750.35,1116.73,946.82,13750.91,14524.12,1907.68,141312,0.958,0.0066688764888895
tree_flip,numlang_base,14351.4,14305.25,572.86,751.9,14155.44,14549.91,266.08,8192,1.0,1.0
tree_flip,numlang_super,375303.97,373807.6,9019.72,12292.95,372298.41,378583.07,401.28,4096,0.038,3.019859359162157e-11
tree_flip,rust_opt,14428.11,14251.6,456.55,658.38,14272.32,14591.05,210.11,133632,0.995,0.5996894845123704
tree_flip,c_opt,14701.02,14610.9,639.01,607.55,14495.39,14938.45,1911.41,141312,0.976,0.0435835477758183
peano_mul,numlang_base,13672.15,13430.65,919.24,1457.3,13353.87,14003.66,324.09,5120,1.0,1.0
peano_mul,numlang_super,372789.97,373522.55,9001.94,11724.05,369700.71,375971.46,523.5,4096,0.037,3.019859359162157e-11
peano_mul,rust_opt,14358.36,14307.25,709.29,850.17,14110.59,14611.58,201.02,133632,0.952,0.0013016645094378993
peano_mul,c_opt,13785.7,13799.7,440.66,497.08,13631.18,13942.31,1858.35,141312,0.992,0.13345408758779304
