benchmark_id,group,name,expected_exit,system,min_ns,median_ns,p95_ns,geomean_ns,status,raw_rounds_ns
nrev,G1: Deforestation,Naive Reverse (Double nrev),224,NumLang-SC,244700,336100,432500,330717,SUCCESS,349200;354800;334500;315400;244800;280000;331600;372400;244700;303800;345900;298300;285700;382500;432500;249700;336100;262000;414100;342400;416400;311800;369400;506500;398100;342200;364700;258300;317100;310200
nrev,G1: Deforestation,Naive Reverse (Double nrev),224,NumLang-Base,235200,300700,401100,304324,SUCCESS,297300;352800;359100;321900;328100;401100;261400;244800;374500;336800;389100;353800;294800;337100;244200;367900;252700;243600;275800;262300;258400;235200;239700;255000;385200;311700;415700;285400;282000;300700
nrev,G1: Deforestation,Naive Reverse (Double nrev),224,Rustc-O3,1248200,1718300,2062600,1598865,SUCCESS,1280000;1264600;1800300;1263500;2062600;1389900;1883800;1734100;1739100;1272200;1742000;1716700;1488500;1267000;1257500;1805600;1503800;1289300;1962900;1811800;1907900;1248200;2135800;1762700;1718300;1582800;1941500;1909500;1386500;1541200
nrev,G1: Deforestation,Naive Reverse (Double nrev),224,MSVC-O2,53100,68100,110200,66536,SUCCESS,66400;54300;53500;53600;73100;69700;53100;69000;68800;68100;68100;69900;97900;70500;128800;76400;70300;53400;67900;53500;67300;69400;69200;53300;62900;110200;54100;53300;66600;53800
nrev,G1: Deforestation,Naive Reverse (Double nrev),224,GHC-O2,0,0,0,0,NOT_INSTALLED,
nrev,G1: Deforestation,Naive Reverse (Double nrev),224,HOSC-SC,0,0,0,0,NOT_INSTALLED,
append3,G1: Deforestation,Triple List Append,164,NumLang-SC,93700,132400,161700,125141,SUCCESS,106400;138600;161700;142900;154500;160100;134900;132400;100000;152200;111200;132400;96000;101500;130400;139100;104000;137400;130400;97000;168100;141500;133000;115900;107800;139400;112000;131600;101900;93700
append3,G1: Deforestation,Triple List Append,164,NumLang-Base,88900,118000,173900,116983,SUCCESS,103800;106900;129700;102400;141900;108000;173900;114600;107100;113200;194500;114600;90900;118900;127900;138700;156700;125500;97900;88900;92800;120200;144300;119600;129100;118000;94300;121000;91500;90500
append3,G1: Deforestation,Triple List Append,164,Rustc-O3,437600,550000,664900,540095,SUCCESS,719400;605500;605900;445500;457800;627300;548500;437600;569700;442000;664900;486000;496800;615100;495200;615900;655900;659100;506300;440300;501100;445900;567800;442800;591500;578700;592800;550000;467900;542200
append3,G1: Deforestation,Triple List Append,164,MSVC-O2,14600,19000,22500,17583,SUCCESS,15000;14600;21600;19200;15500;14800;14700;14700;15300;15200;20600;19000;20800;20100;21500;19100;19500;14700;20600;15400;21500;15100;22500;23100;21700;15000;19400;14700;15000;15000
append3,G1: Deforestation,Triple List Append,164,GHC-O2,0,0,0,0,NOT_INSTALLED,
append3,G1: Deforestation,Triple List Append,164,HOSC-SC,0,0,0,0,NOT_INSTALLED,
kmp,G1: Deforestation,Knuth-Morris-Pratt DFA,88,NumLang-SC,37500,53600,78400,53973,SUCCESS,39700;51100;42600;54100;61300;73500;64500;46700;68500;78900;52600;72600;49800;50800;53400;52000;39500;37500;41700;62800;71600;61000;58900;78400;55600;56500;42600;53600;42800;41800
kmp,G1: Deforestation,Knuth-Morris-Pratt DFA,88,NumLang-Base,37000,59200,103700,60505,SUCCESS,45400;54300;55000;47100;37000;40500;44900;70100;103700;55600;57000;57300;83500;120300;61600;57700;59200;51400;55500;61000;63200;69500;68800;67600;50300;70100;65000;86100;77200;43800
kmp,G1: Deforestation,Knuth-Morris-Pratt DFA,88,Rustc-O3,224200,241900,318200,253119,SUCCESS,232100;227800;229500;264100;230900;298200;278600;224200;265900;241900;304200;226600;319200;318200;227900;227000;268900;269800;229300;260900;240700;230800;228700;232100;304200;274200;227000;268800;227700;264200
kmp,G1: Deforestation,Knuth-Morris-Pratt DFA,88,MSVC-O2,71100,91300,122100,92652,SUCCESS,86100;85500;96800;82800;96700;71100;83200;98400;103200;122100;83000;87000;79600;91300;82200;96900;82300;89700;85600;90000;96500;131500;104700;90300;102500;100700;93700;85900;107100;95400
kmp,G1: Deforestation,Knuth-Morris-Pratt DFA,88,GHC-O2,0,0,0,0,NOT_INSTALLED,
kmp,G1: Deforestation,Knuth-Morris-Pratt DFA,88,HOSC-SC,0,0,0,0,NOT_INSTALLED,
peano_mul,G1: Deforestation,Peano Multiplication,176,NumLang-SC,36400,49600,61600,50422,SUCCESS,43900;54200;43200;43500;42000;36400;41500;45800;42800;59900;49600;56000;45200;41200;43000;54100;41300;59200;57800;49100;151300;61600;52600;52000;61300;54400;52100;54900;42300;41900
peano_mul,G1: Deforestation,Peano Multiplication,176,NumLang-Base,37700,44400,64700,45597,SUCCESS,41700;44500;54800;41000;49300;43400;69600;40200;41000;46200;64700;42800;62000;40800;38700;40200;48100;44400;52400;40400;44700;40600;42700;37700;44600;41500;42500;47000;51000;45700
peano_mul,G1: Deforestation,Peano Multiplication,176,Rustc-O3,126300,131800,219600,145564,SUCCESS,129400;131300;219600;131800;127800;137400;130100;135800;129900;129400;146200;135700;129400;185900;134500;130600;129100;130300;130300;131900;131000;128900;244200;129200;208000;183500;138500;189900;126300;185600
peano_mul,G1: Deforestation,Peano Multiplication,176,MSVC-O2,183000,201000,324400,213240,SUCCESS,189000;191400;309100;188400;340700;187300;187000;206100;214000;208800;206600;207100;232300;201000;195000;193400;195100;324400;202700;213800;189000;229600;283400;198000;197800;183000;187600;184700;185000;271800
peano_mul,G1: Deforestation,Peano Multiplication,176,GHC-O2,0,0,0,0,NOT_INSTALLED,
peano_mul,G1: Deforestation,Peano Multiplication,176,HOSC-SC,0,0,0,0,NOT_INSTALLED,
tree_flip,G1: Deforestation,Double Tree Inversion,224,NumLang-SC,104200,124500,175200,129525,SUCCESS,119700;130100;158400;112900;114500;132900;106300;113300;187000;167900;169800;124500;146800;120100;115000;111900;117000;114600;122400;124600;120300;175200;135200;167000;124800;156800;127500;108100;104200;111700
tree_flip,G1: Deforestation,Double Tree Inversion,224,NumLang-Base,104500,128800,183300,131398,SUCCESS,129400;119100;109500;117400;104500;119600;137400;150500;146000;129300;133800;183300;113800;108100;108800;105100;115200;188900;162600;128800;128900;164000;116100;127100;167900;127600;127600;166300;118600;141300
tree_flip,G1: Deforestation,Double Tree Inversion,224,Rustc-O3,375900,540200,707800,562155,SUCCESS,540200;833400;533000;550700;533600;597600;553900;707800;535600;530000;534000;661400;375900;540100;527500;703400;664900;538000;534100;560200;571500;547100;576000;541800;546500;535700;537000;538000;532800;533200
tree_flip,G1: Deforestation,Double Tree Inversion,224,MSVC-O2,492300,513600,743000,564706,SUCCESS,504100;716200;586200;511200;506300;501000;523500;513300;686900;743000;543000;689600;503800;509200;690300;511700;507600;693400;492300;509100;513900;511100;783600;513600;505100;670500;664500;516900;512100;505600
tree_flip,G1: Deforestation,Double Tree Inversion,224,GHC-O2,0,0,0,0,NOT_INSTALLED,
tree_flip,G1: Deforestation,Double Tree Inversion,224,HOSC-SC,0,0,0,0,NOT_INSTALLED,
fib_matrix,G2: Recurrences,Coupled Fibonacci Recurrence Matrix Power,46,NumLang-SC,124100,127700,143200,131627,SUCCESS,142700;127700;130800;130800;127300;140400;142600;138100;139200;124700;125900;133600;124100;140500;142300;126400;126700;126900;126800;124900;137100;125600;124100;126600;124800;146100;132300;125800;126500;143200
fib_matrix,G2: Recurrences,Coupled Fibonacci Recurrence Matrix Power,46,NumLang-Base,124600,128000,141500,131192,SUCCESS,141500;127700;125700;139000;128200;129000;127100;125800;125300;125600;137500;134600;128000;126400;138100;131500;127000;134600;126700;125700;141300;125900;125600;140300;126000;140400;145300;125400;124600;140700
fib_matrix,G2: Recurrences,Coupled Fibonacci Recurrence Matrix Power,46,Rustc-O3,3400,3500,3600,3475,SUCCESS,3400;3500;3500;3400;3400;3600;3400;3400;3400;3500;3600;3400;3400;3500;3500;3500;3600;3700;3500;3500;3500;3500;3500;3500;3500;3400;3400;3400;3500;3400
fib_matrix,G2: Recurrences,Coupled Fibonacci Recurrence Matrix Power,46,MSVC-O2,34800,34900,43300,36798,SUCCESS,34800;34900;34800;48000;34800;38000;35900;34800;34900;34800;34800;38500;34800;42400;34800;37500;34800;34800;39200;36300;42400;39400;34800;34800;34800;34800;34900;38800;36300;43300
fib_matrix,G2: Recurrences,Coupled Fibonacci Recurrence Matrix Power,46,GHC-O2,0,0,0,0,NOT_INSTALLED,
fib_matrix,G2: Recurrences,Coupled Fibonacci Recurrence Matrix Power,46,HOSC-SC,0,0,0,0,NOT_INSTALLED,
tri_sum,G2: Recurrences,Triangular Summation (50M),64,NumLang-SC,20980300,21980100,27462900,22320478,SUCCESS,21711100;21452100;21469200;21314200;21163200;21141600;21721400;21650300;21183400;22613800;21143200;22233600;23074800;20980300;21038000;22114200;21461300;23789900;27530200;27462900;22570600;23833100;21641100;21520300;22386100;22794200;22767100;23373000;22024800;21980100
tri_sum,G2: Recurrences,Triangular Summation (50M),64,NumLang-Base,20994100,21543500,23181100,21740468,SUCCESS,21289100;21005200;22464500;21099000;21711200;21104700;21194300;21224300;22028600;20994100;21543500;21491800;22657300;21466800;21293300;22144600;21117300;21110000;21765900;21662200;21198300;22059600;21100900;22626200;23181100;22125000;22038600;21162900;24336100;22392600
tri_sum,G2: Recurrences,Triangular Summation (50M),64,Rustc-O3,0,0,100,4,SUCCESS,100;0;0;0;100;100;100;0;100;100;0;0;0;0;100;0;100;0;0;0;0;0;0;100;0;0;100;0;0;0
tri_sum,G2: Recurrences,Triangular Summation (50M),64,MSVC-O2,9405100,9805500,13680100,10195860,SUCCESS,10339200;11079600;9494300;9405100;9815400;9415400;10653800;9455100;9431600;9735400;10359600;10428500;9724000;9634900;9490900;10647700;9497500;9444300;10017800;9916200;13680100;9676900;9680600;10666800;9741100;9723400;9805500;11641100;13803000;11007300
tri_sum,G2: Recurrences,Triangular Summation (50M),64,GHC-O2,0,0,0,0,NOT_INSTALLED,
tri_sum,G2: Recurrences,Triangular Summation (50M),64,HOSC-SC,0,0,0,0,NOT_INSTALLED,
cubic_sum,G2: Recurrences,Sum of Squares 1^2+...+10M^2 (Degree-3),192,NumLang-SC,4545300,4706500,5689300,4882006,SUCCESS,4946300;4735500;7081700;4615200;4589500;4950400;5607800;4651800;4897600;5689300;4588800;4608000;5220000;4620300;4705100;4802000;4545300;4706500;4672100;5349900;4618600;4592200;4580000;5033100;4677900;4592800;5219600;4791100;4585100;4849200
cubic_sum,G2: Recurrences,Sum of Squares 1^2+...+10M^2 (Degree-3),192,NumLang-Base,4538600,4864300,5761900,4940417,SUCCESS,4677400;4864300;4538600;4558400;4764800;4584400;5034900;4657500;5095000;5133800;5873000;4940700;4840700;5488600;4918500;4610400;4713400;4547700;5285900;5200700;4606900;5761900;5021800;4750700;4661300;4782200;5576800;5386300;5046900;4674900
cubic_sum,G2: Recurrences,Sum of Squares 1^2+...+10M^2 (Degree-3),192,Rustc-O3,0,0,100,3,SUCCESS,0;0;100;0;0;0;0;0;0;100;100;0;0;0;0;100;0;100;100;0;0;0;100;0;0;0;0;0;100;0
cubic_sum,G2: Recurrences,Sum of Squares 1^2+...+10M^2 (Degree-3),192,MSVC-O2,3561700,3984300,4669800,3946856,SUCCESS,3864900;4219700;3707200;4086900;3566300;3819300;4087600;4273100;3561800;3984300;3611700;3700600;4016100;3567200;4695000;3860200;3586600;4150600;3561700;4669800;3569300;4374100;3621700;3627200;4232000;4613700;4022700;3599800;4321900;4296500
cubic_sum,G2: Recurrences,Sum of Squares 1^2+...+10M^2 (Degree-3),192,GHC-O2,0,0,0,0,NOT_INSTALLED,
cubic_sum,G2: Recurrences,Sum of Squares 1^2+...+10M^2 (Degree-3),192,HOSC-SC,0,0,0,0,NOT_INSTALLED,
pow2_mod,G2: Recurrences,Geometric Power Loop (100),0,NumLang-SC,10600,14300,18200,14242,SUCCESS,13900;12900;12100;11000;16000;15300;30000;14800;14300;14700;13600;11700;13300;13600;11800;11300;12800;14600;12500;10600;11000;17700;16400;15300;11100;17600;16500;18200;15500;17600
pow2_mod,G2: Recurrences,Geometric Power Loop (100),0,NumLang-Base,9100,13900,17300,13987,SUCCESS,14500;13800;16800;16100;15000;9100;12900;13900;13000;11700;13200;15000;13700;13900;16600;13900;16500;13000;16100;18800;14800;12200;17300;12600;11200;14400;17100;15900;11100;10800
pow2_mod,G2: Recurrences,Geometric Power Loop (100),0,Rustc-O3,0,0,100,3,SUCCESS,100;0;100;100;0;0;100;0;0;0;0;100;0;0;0;0;100;0;0;100;0;0;0;0;0;0;0;100;100;0
pow2_mod,G2: Recurrences,Geometric Power Loop (100),0,MSVC-O2,0,100,100,13,SUCCESS,100;100;100;0;100;100;100;100;100;0;100;0;0;100;0;100;100;100;0;0;0;0;100;100;0;0;0;0;100;100
pow2_mod,G2: Recurrences,Geometric Power Loop (100),0,GHC-O2,0,0,0,0,NOT_INSTALLED,
pow2_mod,G2: Recurrences,Geometric Power Loop (100),0,HOSC-SC,0,0,0,0,NOT_INSTALLED,
hofstadter,G2: Recurrences,Hofstadter Mutual Linear Recurrence,62,NumLang-SC,11500,14500,20000,14809,SUCCESS,12100;13700;13600;13000;14800;11800;14500;13900;13100;16600;20000;19000;11500;15700;13900;21300;12500;15000;13900;13200;14600;13000;17400;16800;13000;16800;16300;18900;14500;15400
hofstadter,G2: Recurrences,Hofstadter Mutual Linear Recurrence,62,NumLang-Base,11900,15700,21300,15862,SUCCESS,14600;17400;18000;14600;14600;18500;15000;14000;14500;17200;17300;16100;15200;15200;18000;14500;21300;16300;13100;11900;15100;14100;14600;22800;15700;12900;17700;16700;17700;15900
hofstadter,G2: Recurrences,Hofstadter Mutual Linear Recurrence,62,Rustc-O3,5400,6500,8100,6522,SUCCESS,6100;7500;6100;8900;6600;7500;6100;6100;5900;6100;6000;6100;5900;7400;7000;5500;6700;6500;8100;6500;6600;6200;5800;7200;5400;6000;7100;7600;5900;6600
hofstadter,G2: Recurrences,Hofstadter Mutual Linear Recurrence,62,MSVC-O2,200,300,300,250,SUCCESS,200;300;200;300;200;200;300;300;300;300;200;300;200;200;200;200;300;300;300;200;300;200;600;200;300;300;200;300;200;200
hofstadter,G2: Recurrences,Hofstadter Mutual Linear Recurrence,62,GHC-O2,0,0,0,0,NOT_INSTALLED,
hofstadter,G2: Recurrences,Hofstadter Mutual Linear Recurrence,62,HOSC-SC,0,0,0,0,NOT_INSTALLED,
tri_sum_dyn,G2-Dyn: Recurrences (Runtime),Dynamic Triangular Summation (50M),64,NumLang-SC,20786600,21583000,24692800,21992085,SUCCESS,21430200;21613900;21583000;20828200;20786600;21046100;21989300;21698500;21760100;23869400;24642200;24692800;25679700;21585000;22945600;22353900;22527800;21302000;23011100;21133300;21294700;21394200;21233100;21501900;22738000;21067000;20982800;21389800;21127600;21525300
tri_sum_dyn,G2-Dyn: Recurrences (Runtime),Dynamic Triangular Summation (50M),64,NumLang-Base,20890500,21580200,23661300,21817622,SUCCESS,21290900;21126900;21352800;21280900;21830100;21950000;20890500;21207600;21862500;20913700;21345100;20970000;21258200;21283600;21663000;21474600;23661300;21711400;21580200;21455900;21786100;23266400;21097400;21893700;21252000;22308400;22774500;22811100;24111100;23610700
tri_sum_dyn,G2-Dyn: Recurrences (Runtime),Dynamic Triangular Summation (50M),64,Rustc-O3,6269400,6347100,6643100,6379921,SUCCESS,6272200;6277800;6300200;6643100;6350500;6347100;6634100;6271500;6722500;6453000;6607300;6308300;6269400;6322600;6285500;6322000;6271700;6373300;6376000;6442800;6391000;6328200;6339600;6392200;6295600;6334800;6353500;6306100;6357700;6481100
tri_sum_dyn,G2-Dyn: Recurrences (Runtime),Dynamic Triangular Summation (50M),64,MSVC-O2,12668100,12877600,14423300,13043126,SUCCESS,12734300;12693600;12683000;12989200;12717900;13353300;12912300;12724500;12809600;12951800;14423300;12699500;13318300;12743100;12877600;12940800;12886200;12765200;12668100;12743700;12721200;12810100;12757900;13198300;13585700;13367200;14608500;13336800;13802700;12732700
tri_sum_dyn,G2-Dyn: Recurrences (Runtime),Dynamic Triangular Summation (50M),64,GHC-O2,0,0,0,0,NOT_INSTALLED,
tri_sum_dyn,G2-Dyn: Recurrences (Runtime),Dynamic Triangular Summation (50M),64,HOSC-SC,0,0,0,0,NOT_INSTALLED,
cubic_sum_dyn,G2-Dyn: Recurrences (Runtime),Dynamic Sum of Squares (10M),192,NumLang-SC,4531100,4735500,5575600,4830195,SUCCESS,4560300;4607500;4605900;4975600;4546300;5575600;4531100;5724400;4735500;5241200;4769000;5468600;5142100;4562800;4554600;5051700;4579700;5086400;4604700;4676800;4545900;4589900;4949000;5042600;4847900;4847900;5071800;4620000;4563700;4548400
cubic_sum_dyn,G2-Dyn: Recurrences (Runtime),Dynamic Sum of Squares (10M),192,NumLang-Base,4332100,4946700,5470200,4914930,SUCCESS,5036500;5216100;5045900;4937400;5021200;5232400;4332100;5020800;4915000;4745700;5470200;5016600;4740200;4855000;4863200;4520100;5373000;4613500;4622000;4613500;5000400;4977100;4702500;4676000;5280200;5556600;4655400;4516300;4946700;5206300
cubic_sum_dyn,G2-Dyn: Recurrences (Runtime),Dynamic Sum of Squares (10M),192,Rustc-O3,4062000,4179100,4587400,4264419,SUCCESS,4387500;4587400;4587600;4426700;4134400;4144400;4183700;4179100;4107600;4426000;4536500;4114400;4503000;4157200;4178100;4554400;4117900;4326000;4137200;4354300;4348300;4116500;4113600;4202700;4159300;4062000;4106000;4463700;4166100;4148600
cubic_sum_dyn,G2-Dyn: Recurrences (Runtime),Dynamic Sum of Squares (10M),192,MSVC-O2,3559600,4069200,4865900,4054764,SUCCESS,3926500;3631500;3560700;3897200;3691500;3642700;3682400;3559600;4153700;4523500;4865900;4220200;3963800;4186500;4518400;4069200;3828100;3770900;3616000;4143000;4099300;4174000;4835200;3625600;5130000;4485100;4114200;4795300;3864700;3710500
cubic_sum_dyn,G2-Dyn: Recurrences (Runtime),Dynamic Sum of Squares (10M),192,GHC-O2,0,0,0,0,NOT_INSTALLED,
cubic_sum_dyn,G2-Dyn: Recurrences (Runtime),Dynamic Sum of Squares (10M),192,HOSC-SC,0,0,0,0,NOT_INSTALLED,
fib_matrix_dyn,G2-Dyn: Recurrences (Runtime),Dynamic Fibonacci Matrix Power (1000),46,NumLang-SC,14600,18200,25100,18750,SUCCESS,16500;19600;17600;20900;19900;20300;18200;25100;19800;18200;17700;16200;20700;16100;18800;19100;16400;17900;22000;19000;20600;14600;32800;15900;18000;20600;15300;17200;17900;17000
fib_matrix_dyn,G2-Dyn: Recurrences (Runtime),Dynamic Fibonacci Matrix Power (1000),46,NumLang-Base,13500,16600,22500,16883,SUCCESS,16000;18000;15700;17100;15900;18200;22500;17100;15300;14200;14800;13500;16600;17100;16600;17100;16400;16300;17800;16000;15600;16100;15300;14400;19300;20300;18300;17000;18500;23300
fib_matrix_dyn,G2-Dyn: Recurrences (Runtime),Dynamic Fibonacci Matrix Power (1000),46,Rustc-O3,4400,4700,5100,4686,SUCCESS,4700;4900;4500;4500;4500;4400;4500;4400;4900;4500;4400;4400;4500;5600;4900;5000;4600;4700;4700;4800;4700;5100;4400;4800;4700;4600;4500;4900;4900;4800
fib_matrix_dyn,G2-Dyn: Recurrences (Runtime),Dynamic Fibonacci Matrix Power (1000),46,MSVC-O2,3300,3400,3500,3378,SUCCESS,3300;3400;3300;3300;3400;3400;3300;3400;3400;3400;3400;3300;3500;3400;3400;3300;3800;3400;3400;3400;3300;3400;3400;3300;3400;3400;3300;3300;3400;3300
fib_matrix_dyn,G2-Dyn: Recurrences (Runtime),Dynamic Fibonacci Matrix Power (1000),46,GHC-O2,0,0,0,0,NOT_INSTALLED,
fib_matrix_dyn,G2-Dyn: Recurrences (Runtime),Dynamic Fibonacci Matrix Power (1000),46,HOSC-SC,0,0,0,0,NOT_INSTALLED,
pow2_mod_dyn,G2-Dyn: Recurrences (Runtime),Dynamic Geometric Power Loop (100),0,NumLang-SC,10400,14100,19600,14380,SUCCESS,14500;15900;12000;14000;12000;14100;11500;11400;16700;12600;16500;16600;14600;13600;13400;13900;14300;26400;19600;14700;18200;12800;14500;14800;12300;18300;14100;10400;13600;12100
pow2_mod_dyn,G2-Dyn: Recurrences (Runtime),Dynamic Geometric Power Loop (100),0,NumLang-Base,10400,14400,25000,15078,SUCCESS,13500;13700;14400;15600;25200;14200;13800;12700;11400;11300;16800;16300;15100;14400;17900;20600;19000;16000;10400;25000;11400;11600;17100;14600;13900;12900;17700;18100;14100;14400
pow2_mod_dyn,G2-Dyn: Recurrences (Runtime),Dynamic Geometric Power Loop (100),0,Rustc-O3,0,100,100,54,SUCCESS,100;100;100;0;100;100;100;100;100;100;0;100;100;100;100;100;100;0;100;100;100;100;100;100;100;100;100;100;100;0
pow2_mod_dyn,G2-Dyn: Recurrences (Runtime),Dynamic Geometric Power Loop (100),0,MSVC-O2,0,100,100,39,SUCCESS,100;100;100;100;100;0;100;100;100;0;100;100;100;0;100;100;100;100;0;100;100;100;100;100;100;0;0;100;100;100
pow2_mod_dyn,G2-Dyn: Recurrences (Runtime),Dynamic Geometric Power Loop (100),0,GHC-O2,0,0,0,0,NOT_INSTALLED,
pow2_mod_dyn,G2-Dyn: Recurrences (Runtime),Dynamic Geometric Power Loop (100),0,HOSC-SC,0,0,0,0,NOT_INSTALLED,
compose5,G3: Higher-Order,5-Deep Function Composition Chain,192,NumLang-SC,10800,14600,17400,14477,SUCCESS,13300;17400;16000;15600;11600;14500;16600;15100;13000;13300;13400;15700;13800;14200;14600;17000;12300;14800;16900;14200;11600;15800;15100;11900;20400;10800;14700;14100;16000;14600
compose5,G3: Higher-Order,5-Deep Function Composition Chain,192,NumLang-Base,10000,14800,27300,15213,SUCCESS,19700;13300;12300;17700;19300;16100;11400;11400;12100;13200;10000;11100;18000;15800;15300;14800;11500;12800;13000;15600;17100;11700;12800;25300;16800;13200;27300;10300;35800;25800
compose5,G3: Higher-Order,5-Deep Function Composition Chain,192,Rustc-O3,0,100,100,13,SUCCESS,0;0;100;100;100;100;0;0;0;100;100;100;0;100;100;0;0;100;100;0;100;0;100;100;100;100;0;0;0;100
compose5,G3: Higher-Order,5-Deep Function Composition Chain,192,MSVC-O2,200,300,300,272,SUCCESS,300;300;300;300;200;200;300;200;300;300;300;300;300;200;200;300;300;300;200;200;300;300;300;300;300;300;300;300;300;300
compose5,G3: Higher-Order,5-Deep Function Composition Chain,192,GHC-O2,0,0,0,0,NOT_INSTALLED,
compose5,G3: Higher-Order,5-Deep Function Composition Chain,192,HOSC-SC,0,0,0,0,NOT_INSTALLED,
map_map,G3: Higher-Order,Map-Map Pipeline Deforestation,164,NumLang-SC,9900,12600,19000,13040,SUCCESS,11400;10000;11600;10900;11100;11200;12100;16000;11800;9900;12000;16100;12600;13100;11700;13100;13900;16600;13400;14600;12600;19000;11500;17300;14700;10600;16100;19000;11900;11900
map_map,G3: Higher-Order,Map-Map Pipeline Deforestation,164,NumLang-Base,8900,13000,19300,13063,SUCCESS,8900;11100;14900;11100;14300;10800;12600;10600;17400;14200;13000;10900;14000;13400;11200;11200;19300;11500;10400;10600;15500;16600;15000;14800;16600;12300;12600;11900;13100;19500
map_map,G3: Higher-Order,Map-Map Pipeline Deforestation,164,Rustc-O3,0,0,100,5,SUCCESS,0;0;100;0;100;100;0;0;100;0;0;0;100;100;0;0;0;0;0;100;0;100;100;0;0;100;0;100;0;0
map_map,G3: Higher-Order,Map-Map Pipeline Deforestation,164,MSVC-O2,0,0,100,2,SUCCESS,0;0;100;0;0;100;0;0;0;0;0;0;0;100;0;0;0;0;0;0;0;100;100;0;0;100;0;0;0;0
map_map,G3: Higher-Order,Map-Map Pipeline Deforestation,164,GHC-O2,0,0,0,0,NOT_INSTALLED,
map_map,G3: Higher-Order,Map-Map Pipeline Deforestation,164,HOSC-SC,0,0,0,0,NOT_INSTALLED,
sum_map,G3: Higher-Order,Sum-Map Stream Fusion (1M),96,NumLang-SC,435700,472100,635900,493128,SUCCESS,479500;526300;484200;505800;468100;471000;521900;518600;435700;466300;482400;573600;475600;438800;466700;464100;438200;470100;466400;651400;523100;526300;470100;471200;566600;635900;466100;467700;463600;472100
sum_map,G3: Higher-Order,Sum-Map Stream Fusion (1M),96,NumLang-Base,438700,469900,615700,500620,SUCCESS,597400;454600;466700;479800;464300;491800;566400;517100;473300;579000;438700;477300;465300;468000;557300;615700;758700;466600;548600;576400;468900;467600;469900;467700;466100;471900;465700;464600;465400;464000
sum_map,G3: Higher-Order,Sum-Map Stream Fusion (1M),96,Rustc-O3,938800,975100,1069900,988261,SUCCESS,996500;959800;960000;1001800;1020400;978600;1009600;1024300;961800;960200;963600;1118800;1033500;938800;963400;960300;964400;1005200;979100;982200;961300;960500;1069900;1042800;1015100;966900;975100;972000;961800;962000
sum_map,G3: Higher-Order,Sum-Map Stream Fusion (1M),96,MSVC-O2,355300,364800,526600,388325,SUCCESS,358400;355400;355300;424800;361800;372100;446900;355400;395800;355500;355400;364800;422100;355400;355400;526600;427000;355400;380500;462300;355400;355400;372600;415400;559200;355400;435700;355400;394400;355500
sum_map,G3: Higher-Order,Sum-Map Stream Fusion (1M),96,GHC-O2,0,0,0,0,NOT_INSTALLED,
sum_map,G3: Higher-Order,Sum-Map Stream Fusion (1M),96,HOSC-SC,0,0,0,0,NOT_INSTALLED,
stream_take,G3: Higher-Order,Stream Pipeline Filter-Sum,0,NumLang-SC,58300,65900,90700,68985,SUCCESS,84100;63600;65200;61100;75600;59700;60600;60700;61100;59100;63900;72700;89600;67300;58300;64000;102600;90700;65900;60000;70600;86300;80000;74100;62800;60000;66200;78700;61600;67800
stream_take,G3: Higher-Order,Stream Pipeline Filter-Sum,0,NumLang-Base,57700,64800,87600,67028,SUCCESS,91000;79100;65300;65000;87600;59400;64800;67900;64800;60900;65000;75800;57700;62800;62800;68100;62500;77800;60700;59500;63300;72500;80800;80200;62300;59700;60900;61900;63100;63000
stream_take,G3: Higher-Order,Stream Pipeline Filter-Sum,0,Rustc-O3,25400,26500,48100,28877,SUCCESS,26500;25600;36800;26700;26500;26700;36100;25600;25800;26500;59700;25400;30100;26600;27300;26500;31500;26500;26500;26500;25500;25700;29900;48100;31300;26300;30300;25900;26600;26400
stream_take,G3: Higher-Order,Stream Pipeline Filter-Sum,0,MSVC-O2,35000,37200,46200,39134,SUCCESS,47100;44800;37100;42900;46200;44400;42400;37000;35100;37100;36000;35500;41600;37300;37200;37100;37000;37100;35000;39500;44600;37200;35200;37200;41200;41600;41900;35000;37000;40500
stream_take,G3: Higher-Order,Stream Pipeline Filter-Sum,0,GHC-O2,0,0,0,0,NOT_INSTALLED,
stream_take,G3: Higher-Order,Stream Pipeline Filter-Sum,0,HOSC-SC,0,0,0,0,NOT_INSTALLED,
